date,predicted_label,predicted_name,actual_label,actual_name,previous_actual_label,previous_actual_name,confidence,correct,prob_calm_market,prob_risk_off,prob_crisis
2025-01-02,0,Calm Market,0,Calm Market,0,Calm Market,0.9816559,True,0.9816559,0.01728305,0.0010610814
2025-01-03,0,Calm Market,0,Calm Market,0,Calm Market,0.98056453,True,0.98056453,0.018299703,0.001135717
2025-01-06,0,Calm Market,0,Calm Market,0,Calm Market,0.97946966,True,0.97946966,0.019319346,0.0012110566
2025-01-07,0,Calm Market,0,Calm Market,0,Calm Market,0.9784233,True,0.9784233,0.020299258,0.0012773969
2025-01-08,0,Calm Market,0,Calm Market,0,Calm Market,0.97726613,True,0.97726613,0.021380343,0.0013534878
2025-01-10,0,Calm Market,0,Calm Market,0,Calm Market,0.9759428,True,0.9759428,0.022608526,0.0014486469
2025-01-13,0,Calm Market,0,Calm Market,0,Calm Market,0.97348166,True,0.97348166,0.024875028,0.0016434083
2025-01-14,0,Calm Market,0,Calm Market,0,Calm Market,0.9701165,True,0.9701165,0.0279732,0.001910288
2025-01-15,0,Calm Market,0,Calm Market,0,Calm Market,0.9661506,True,0.9661506,0.031623323,0.002226121
2025-01-16,0,Calm Market,0,Calm Market,0,Calm Market,0.95960635,True,0.95960635,0.037639555,0.0027541781
2025-01-17,0,Calm Market,0,Calm Market,0,Calm Market,0.95155436,True,0.95155436,0.045023642,0.0034220982
2025-01-21,0,Calm Market,0,Calm Market,0,Calm Market,0.9427258,True,0.9427258,0.05313458,0.00413957
2025-01-22,0,Calm Market,0,Calm Market,0,Calm Market,0.93727934,True,0.93727934,0.058093082,0.0046275947
2025-01-23,0,Calm Market,0,Calm Market,0,Calm Market,0.92908394,True,0.92908394,0.06559442,0.0053215697
2025-01-24,0,Calm Market,0,Calm Market,0,Calm Market,0.9219459,True,0.9219459,0.072205245,0.0058488096
2025-01-27,0,Calm Market,0,Calm Market,0,Calm Market,0.9156031,True,0.9156031,0.07815202,0.006244954
2025-01-28,0,Calm Market,0,Calm Market,0,Calm Market,0.90747714,True,0.90747714,0.08573643,0.006786391
2025-01-29,0,Calm Market,0,Calm Market,0,Calm Market,0.89738244,True,0.89738244,0.09515049,0.007467087
2025-01-30,0,Calm Market,0,Calm Market,0,Calm Market,0.88784313,True,0.88784313,0.10407355,0.008083363
2025-01-31,0,Calm Market,0,Calm Market,0,Calm Market,0.87827855,True,0.87827855,0.113047294,0.008674211
2025-02-03,0,Calm Market,0,Calm Market,0,Calm Market,0.86370546,True,0.86370546,0.12673587,0.009558642
2025-02-04,0,Calm Market,0,Calm Market,0,Calm Market,0.8467452,True,0.8467452,0.14275189,0.010502923
2025-02-05,0,Calm Market,0,Calm Market,0,Calm Market,0.84883624,True,0.84883624,0.14154379,0.009620001
2025-02-06,0,Calm Market,0,Calm Market,0,Calm Market,0.8645106,True,0.8645106,0.12759374,0.007895667
2025-02-07,0,Calm Market,0,Calm Market,0,Calm Market,0.887954,True,0.887954,0.10597503,0.0060709896
2025-02-10,0,Calm Market,0,Calm Market,0,Calm Market,0.90793866,True,0.90793866,0.08734819,0.0047131046
2025-02-11,0,Calm Market,0,Calm Market,0,Calm Market,0.92527264,True,0.92527264,0.07102047,0.0037069398
2025-02-12,0,Calm Market,0,Calm Market,0,Calm Market,0.9368785,True,0.9368785,0.06000113,0.0031203872
2025-02-13,0,Calm Market,0,Calm Market,0,Calm Market,0.9457252,True,0.9457252,0.051591106,0.002683784
2025-02-14,0,Calm Market,0,Calm Market,0,Calm Market,0.953868,True,0.953868,0.043842964,0.002289083
2025-02-18,0,Calm Market,0,Calm Market,0,Calm Market,0.9612377,True,0.9612377,0.036837168,0.0019250511
2025-02-19,0,Calm Market,0,Calm Market,0,Calm Market,0.96750635,True,0.96750635,0.030879943,0.001613718
2025-02-20,0,Calm Market,0,Calm Market,0,Calm Market,0.9724461,True,0.9724461,0.026193481,0.0013603235
2025-02-21,0,Calm Market,0,Calm Market,0,Calm Market,0.976143,True,0.976143,0.022681145,0.0011758333
2025-02-24,0,Calm Market,0,Calm Market,0,Calm Market,0.9785971,True,0.9785971,0.020337803,0.001065047
2025-02-25,0,Calm Market,0,Calm Market,0,Calm Market,0.9800689,True,0.9800689,0.018923283,0.001007748
2025-02-26,0,Calm Market,0,Calm Market,0,Calm Market,0.9816403,True,0.9816403,0.01742214,0.000937521
2025-02-27,0,Calm Market,0,Calm Market,0,Calm Market,0.98292613,True,0.98292613,0.01619553,0.00087832817
2025-02-28,0,Calm Market,0,Calm Market,0,Calm Market,0.98343974,True,0.98343974,0.01569359,0.00086676783
2025-03-03,0,Calm Market,0,Calm Market,0,Calm Market,0.9836469,True,0.9836469,0.015487494,0.00086555845
2025-03-04,0,Calm Market,0,Calm Market,0,Calm Market,0.98316675,True,0.98316675,0.01592049,0.00091276143
2025-03-05,0,Calm Market,0,Calm Market,0,Calm Market,0.9815236,True,0.9815236,0.017427187,0.0010491592
2025-03-06,0,Calm Market,0,Calm Market,0,Calm Market,0.97755015,True,0.97755015,0.021092512,0.0013574164
2025-03-07,0,Calm Market,0,Calm Market,0,Calm Market,0.9708426,True,0.9708426,0.027257273,0.0019001367
2025-03-10,0,Calm Market,0,Calm Market,0,Calm Market,0.959754,True,0.959754,0.037382394,0.0028635627
2025-03-11,0,Calm Market,0,Calm Market,0,Calm Market,0.93647176,True,0.93647176,0.05840392,0.005124353
2025-03-12,0,Calm Market,0,Calm Market,0,Calm Market,0.88807887,True,0.88807887,0.101605415,0.010315698
2025-03-13,0,Calm Market,0,Calm Market,0,Calm Market,0.7878711,True,0.7878711,0.19016029,0.02196864
2025-03-14,0,Calm Market,0,Calm Market,0,Calm Market,0.5874569,True,0.5874569,0.36607897,0.04646408
2025-03-17,1,Risk-Off,1,Risk-Off,0,Calm Market,0.5902101,True,0.32281792,0.5902101,0.08697201
2025-03-18,1,Risk-Off,1,Risk-Off,1,Risk-Off,0.70775944,True,0.16927512,0.70775944,0.12296547
2025-03-19,1,Risk-Off,1,Risk-Off,1,Risk-Off,0.7566305,True,0.09802926,0.7566305,0.14534028
2025-03-20,1,Risk-Off,1,Risk-Off,1,Risk-Off,0.78393793,True,0.06271007,0.78393793,0.15335189
2025-03-21,1,Risk-Off,1,Risk-Off,1,Risk-Off,0.8052875,True,0.04486417,0.8052875,0.14984839
2025-03-24,1,Risk-Off,1,Risk-Off,1,Risk-Off,0.82818574,True,0.036424104,0.82818574,0.13539018
2025-03-25,1,Risk-Off,1,Risk-Off,1,Risk-Off,0.85002124,True,0.032549933,0.85002124,0.11742882
2025-03-26,1,Risk-Off,1,Risk-Off,1,Risk-Off,0.8700447,True,0.030878365,0.8700447,0.09907696
2025-03-27,1,Risk-Off,1,Risk-Off,1,Risk-Off,0.88433,True,0.030120146,0.88433,0.08554983
2025-03-28,1,Risk-Off,1,Risk-Off,1,Risk-Off,0.8932222,True,0.029865429,0.8932222,0.07691239
2025-03-31,1,Risk-Off,1,Risk-Off,1,Risk-Off,0.89676815,True,0.028280806,0.89676815,0.07495101
2025-04-01,1,Risk-Off,1,Risk-Off,1,Risk-Off,0.8978465,True,0.026381318,0.8978465,0.07577224
2025-04-02,1,Risk-Off,1,Risk-Off,1,Risk-Off,0.89672637,True,0.02412245,0.89672637,0.07915117
2025-04-03,1,Risk-Off,2,Crisis,1,Risk-Off,0.89454705,False,0.02186501,0.89454705,0.083587915
2025-04-04,1,Risk-Off,2,Crisis,2,Crisis,0.86757016,False,0.016580857,0.86757016,0.115848966
2025-04-07,1,Risk-Off,2,Crisis,2,Crisis,0.73828894,False,0.0114083355,0.73828894,0.25030276
2025-04-08,2,Crisis,2,Crisis,2,Crisis,0.56301695,True,0.006705611,0.4302774,0.56301695
2025-04-09,2,Crisis,2,Crisis,2,Crisis,0.8326757,True,0.0028816636,0.16444267,0.8326757
2025-04-10,2,Crisis,2,Crisis,2,Crisis,0.9399882,True,0.0012295826,0.058782227,0.9399882
2025-04-11,2,Crisis,2,Crisis,2,Crisis,0.96974033,True,0.00070288795,0.029556742,0.96974033
2025-04-14,2,Crisis,2,Crisis,2,Crisis,0.97929573,True,0.0005115702,0.020192746,0.97929573
2025-04-15,2,Crisis,2,Crisis,2,Crisis,0.9831163,True,0.00043029338,0.016453441,0.9831163
2025-04-16,2,Crisis,2,Crisis,2,Crisis,0.9849102,True,0.00039027724,0.014699581,0.9849102
2025-04-17,2,Crisis,2,Crisis,2,Crisis,0.98582864,True,0.0003642694,0.013807133,0.98582864
2025-04-21,2,Crisis,2,Crisis,2,Crisis,0.98639965,True,0.00034625435,0.013254091,0.98639965
2025-04-22,2,Crisis,2,Crisis,2,Crisis,0.9868933,True,0.00032963048,0.012777049,0.9868933
2025-04-23,2,Crisis,2,Crisis,2,Crisis,0.9872089,True,0.00031854605,0.012472552,0.9872089
2025-04-24,2,Crisis,2,Crisis,2,Crisis,0.98741883,True,0.00031103077,0.012270134,0.98741883
2025-04-25,2,Crisis,2,Crisis,2,Crisis,0.9875672,True,0.00030551577,0.012127357,0.9875672
2025-04-28,2,Crisis,2,Crisis,2,Crisis,0.98764825,True,0.0003021572,0.012049662,0.98764825
2025-04-29,2,Crisis,2,Crisis,2,Crisis,0.98773605,True,0.0002982508,0.011965697,0.98773605
2025-04-30,2,Crisis,2,Crisis,2,Crisis,0.9878328,True,0.0002939397,0.011873209,0.9878328
2025-05-01,2,Crisis,2,Crisis,2,Crisis,0.9879219,True,0.00028975253,0.011788297,0.9879219
2025-05-02,2,Crisis,2,Crisis,2,Crisis,0.98803574,True,0.00028475662,0.01167957,0.98803574
2025-05-05,2,Crisis,2,Crisis,2,Crisis,0.98814243,True,0.0002801479,0.011577392,0.98814243
2025-05-06,2,Crisis,2,Crisis,2,Crisis,0.98828983,True,0.0002747153,0.01143548,0.98828983
2025-05-07,2,Crisis,2,Crisis,2,Crisis,0.98849946,True,0.00026758347,0.011232915,0.98849946
2025-05-08,2,Crisis,2,Crisis,2,Crisis,0.98872745,True,0.00026012358,0.011012446,0.98872745
2025-05-09,2,Crisis,2,Crisis,2,Crisis,0.98890823,True,0.00025413264,0.0108376425,0.98890823
2025-05-12,2,Crisis,2,Crisis,2,Crisis,0.98909676,True,0.00024802863,0.010655231,0.98909676
2025-05-13,2,Crisis,2,Crisis,2,Crisis,0.98923457,True,0.00024358094,0.010521854,0.98923457
2025-05-14,2,Crisis,2,Crisis,2,Crisis,0.9893784,True,0.00023915217,0.010382448,0.9893784
2025-05-15,2,Crisis,2,Crisis,2,Crisis,0.98951054,True,0.00023507382,0.010254388,0.98951054
2025-05-16,2,Crisis,2,Crisis,2,Crisis,0.9895538,True,0.00023356943,0.010212557,0.9895538
2025-05-19,2,Crisis,2,Crisis,2,Crisis,0.98945844,True,0.00023537326,0.01030623,0.98945844
2025-05-20,2,Crisis,2,Crisis,2,Crisis,0.989052,True,0.0002445351,0.010703404,0.989052
2025-05-21,2,Crisis,2,Crisis,2,Crisis,0.9885473,True,0.0002555435,0.011197105,0.9885473
2025-05-22,2,Crisis,2,Crisis,2,Crisis,0.98791504,True,0.00026887472,0.011816022,0.98791504
2025-05-23,2,Crisis,2,Crisis,2,Crisis,0.98616076,True,0.00030884796,0.013530323,0.98616076
2025-05-27,2,Crisis,1,Risk-Off,2,Crisis,0.9829758,False,0.00038062618,0.01664366,0.9829758
2025-05-28,2,Crisis,1,Risk-Off,1,Risk-Off,0.9779695,False,0.00048741244,0.02154304,0.9779695
2025-05-29,2,Crisis,1,Risk-Off,1,Risk-Off,0.96771437,False,0.0006857297,0.031599835,0.96771437
2025-05-30,2,Crisis,1,Risk-Off,1,Risk-Off,0.9414985,False,0.0011025833,0.057398897,0.9414985
2025-06-02,2,Crisis,1,Risk-Off,1,Risk-Off,0.85774815,False,0.0020762344,0.14017563,0.85774815
2025-06-03,2,Crisis,1,Risk-Off,1,Risk-Off,0.63311017,False,0.003991327,0.36289847,0.63311017
2025-06-04,1,Risk-Off,1,Risk-Off,1,Risk-Off,0.6821005,True,0.006116271,0.6821005,0.3117833
2025-06-05,1,Risk-Off,1,Risk-Off,1,Risk-Off,0.87753785,True,0.0076860813,0.87753785,0.1147761
2025-06-06,1,Risk-Off,0,Calm Market,1,Risk-Off,0.9331526,False,0.010912437,0.9331526,0.055934943
2025-06-09,1,Risk-Off,0,Calm Market,0,Calm Market,0.9492977,False,0.016745454,0.9492977,0.033956815
2025-06-10,1,Risk-Off,0,Calm Market,0,Calm Market,0.95021737,False,0.025270723,0.95021737,0.024512025
2025-06-11,1,Risk-Off,0,Calm Market,0,Calm Market,0.9428997,False,0.03710037,0.9428997,0.020000039
2025-06-12,1,Risk-Off,0,Calm Market,0,Calm Market,0.9302905,False,0.05177875,0.9302905,0.017930737
2025-06-13,1,Risk-Off,0,Calm Market,0,Calm Market,0.91206783,False,0.071051106,0.91206783,0.016881093
2025-06-16,1,Risk-Off,0,Calm Market,0,Calm Market,0.8885375,False,0.094346896,0.8885375,0.017115626
2025-06-17,1,Risk-Off,0,Calm Market,0,Calm Market,0.8608679,False,0.12075921,0.8608679,0.018372878
2025-06-18,1,Risk-Off,0,Calm Market,0,Calm Market,0.8357529,False,0.1439874,0.8357529,0.020259738
2025-06-20,1,Risk-Off,0,Calm Market,0,Calm Market,0.8024403,False,0.17476766,0.8024403,0.022792077
2025-06-23,1,Risk-Off,0,Calm Market,0,Calm Market,0.7625988,False,0.21167304,0.7625988,0.025728226
2025-06-24,1,Risk-Off,0,Calm Market,0,Calm Market,0.74717844,False,0.22598076,0.74717844,0.026840815
2025-06-25,1,Risk-Off,0,Calm Market,0,Calm Market,0.7330926,False,0.23970017,0.7330926,0.027207188
2025-06-26,1,Risk-Off,0,Calm Market,0,Calm Market,0.69127965,False,0.28319094,0.69127965,0.025529461
2025-06-27,1,Risk-Off,0,Calm Market,0,Calm Market,0.6213215,False,0.35579574,0.6213215,0.022882778
2025-06-30,1,Risk-Off,0,Calm Market,0,Calm Market,0.5248188,False,0.45561805,0.5248188,0.019563252
2025-07-01,0,Calm Market,0,Calm Market,0,Calm Market,0.5842724,True,0.5842724,0.4003868,0.015340804
2025-07-02,0,Calm Market,0,Calm Market,0,Calm Market,0.7182896,True,0.7182896,0.27078205,0.010928277
2025-07-03,0,Calm Market,0,Calm Market,0,Calm Market,0.80315304,True,0.80315304,0.18880148,0.008045543
2025-07-07,0,Calm Market,0,Calm Market,0,Calm Market,0.86158526,True,0.86158526,0.13242288,0.005991796
2025-07-08,0,Calm Market,0,Calm Market,0,Calm Market,0.90417045,True,0.90417045,0.09145193,0.0043775877
2025-07-09,0,Calm Market,0,Calm Market,0,Calm Market,0.93248326,True,0.93248326,0.06432263,0.0031941389
2025-07-10,0,Calm Market,0,Calm Market,0,Calm Market,0.95303196,True,0.95303196,0.044684984,0.0022830693
2025-07-11,0,Calm Market,0,Calm Market,0,Calm Market,0.9676702,True,0.9676702,0.030748256,0.0015814763
2025-07-14,0,Calm Market,0,Calm Market,0,Calm Market,0.976914,True,0.976914,0.02197186,0.001114155
2025-07-15,0,Calm Market,0,Calm Market,0,Calm Market,0.9828666,True,0.9828666,0.016318535,0.0008148793
2025-07-16,0,Calm Market,0,Calm Market,0,Calm Market,0.9867214,True,0.9867214,0.012659034,0.00061956875
2025-07-17,0,Calm Market,0,Calm Market,0,Calm Market,0.9889958,True,0.9889958,0.010504257,0.00049989374
2025-07-18,0,Calm Market,0,Calm Market,0,Calm Market,0.9904399,True,0.9904399,0.009133296,0.00042685049
2025-07-21,0,Calm Market,0,Calm Market,0,Calm Market,0.99133766,True,0.99133766,0.008279994,0.00038233813
2025-07-22,0,Calm Market,0,Calm Market,0,Calm Market,0.9920065,True,0.9920065,0.0076448065,0.00034879218
2025-07-23,0,Calm Market,0,Calm Market,0,Calm Market,0.99253184,True,0.99253184,0.0071466547,0.00032152692
2025-07-24,0,Calm Market,0,Calm Market,0,Calm Market,0.99294704,True,0.99294704,0.0067529953,0.00029989463
2025-07-25,0,Calm Market,0,Calm Market,0,Calm Market,0.99318016,True,0.99318016,0.006532046,0.00028782256
2025-07-28,0,Calm Market,0,Calm Market,0,Calm Market,0.99340045,True,0.99340045,0.0063232924,0.0002762276
2025-07-29,0,Calm Market,0,Calm Market,0,Calm Market,0.99358314,True,0.99358314,0.0061501064,0.0002667879
2025-07-30,0,Calm Market,0,Calm Market,0,Calm Market,0.9937954,True,0.9937954,0.0059493496,0.00025532205
2025-07-31,0,Calm Market,0,Calm Market,0,Calm Market,0.99401975,True,0.99401975,0.0057374174,0.00024288251
2025-08-01,0,Calm Market,0,Calm Market,0,Calm Market,0.99427235,True,0.99427235,0.0054989476,0.00022879026
2025-08-04,0,Calm Market,0,Calm Market,0,Calm Market,0.9943884,True,0.9943884,0.005388424,0.00022317945
2025-08-05,0,Calm Market,0,Calm Market,0,Calm Market,0.99437696,True,0.99437696,0.0053980257,0.00022504487
2025-08-06,0,Calm Market,0,Calm Market,0,Calm Market,0.9942713,True,0.9942713,0.005496192,0.00023256743
2025-08-07,0,Calm Market,0,Calm Market,0,Calm Market,0.99410844,True,0.99410844,0.0056482493,0.00024329992
2025-08-08,0,Calm Market,0,Calm Market,0,Calm Market,0.9938791,True,0.9938791,0.005862693,0.00025821384
2025-08-11,0,Calm Market,0,Calm Market,0,Calm Market,0.99373055,True,0.99373055,0.006002454,0.0002670049
2025-08-12,0,Calm Market,0,Calm Market,0,Calm Market,0.9936674,True,0.9936674,0.0060627107,0.000269831
2025-08-13,0,Calm Market,0,Calm Market,0,Calm Market,0.9936274,True,0.9936274,0.0061009843,0.0002715676
2025-08-14,0,Calm Market,0,Calm Market,0,Calm Market,0.993594,True,0.993594,0.006132816,0.00027322647
2025-08-15,0,Calm Market,0,Calm Market,0,Calm Market,0.9935713,True,0.9935713,0.0061544683,0.0002742799
2025-08-18,0,Calm Market,0,Calm Market,0,Calm Market,0.9935463,True,0.9935463,0.0061782477,0.00027539453
2025-08-19,0,Calm Market,0,Calm Market,0,Calm Market,0.99355644,True,0.99355644,0.006169382,0.0002742031
2025-08-20,0,Calm Market,0,Calm Market,0,Calm Market,0.99357915,True,0.99357915,0.0061486885,0.00027214087
2025-08-21,0,Calm Market,0,Calm Market,0,Calm Market,0.9936016,True,0.9936016,0.006128142,0.00027012624
2025-08-22,0,Calm Market,0,Calm Market,0,Calm Market,0.9936021,True,0.9936021,0.0061282944,0.0002695944
2025-08-25,0,Calm Market,0,Calm Market,0,Calm Market,0.9935381,True,0.9935381,0.006188141,0.00027373087
2025-08-26,0,Calm Market,0,Calm Market,0,Calm Market,0.9934088,True,0.9934088,0.0063088774,0.0002822664
2025-08-27,0,Calm Market,0,Calm Market,0,Calm Market,0.9932492,True,0.9932492,0.006458503,0.0002923743
2025-08-28,0,Calm Market,0,Calm Market,0,Calm Market,0.9931004,True,0.9931004,0.00659771,0.00030184662
2025-08-29,0,Calm Market,0,Calm Market,0,Calm Market,0.99295664,True,0.99295664,0.006732512,0.0003108082
2025-09-02,0,Calm Market,0,Calm Market,0,Calm Market,0.9929403,True,0.9929403,0.0067482013,0.00031160229
2025-09-03,0,Calm Market,0,Calm Market,0,Calm Market,0.99291295,True,0.99291295,0.006774049,0.00031305323
2025-09-04,0,Calm Market,0,Calm Market,0,Calm Market,0.99287635,True,0.99287635,0.00680838,0.00031524064
2025-09-05,0,Calm Market,0,Calm Market,0,Calm Market,0.99280953,True,0.99280953,0.006871218,0.0003192571
2025-09-08,0,Calm Market,0,Calm Market,0,Calm Market,0.9927114,True,0.9927114,0.0069633103,0.0003252716
2025-09-09,0,Calm Market,0,Calm Market,0,Calm Market,0.992588,True,0.992588,0.007079571,0.00033253
2025-09-10,0,Calm Market,0,Calm Market,0,Calm Market,0.9924885,True,0.9924885,0.0071735326,0.0003380111
2025-09-11,0,Calm Market,0,Calm Market,0,Calm Market,0.99243903,True,0.99243903,0.0072207013,0.00034023318
2025-09-12,0,Calm Market,0,Calm Market,0,Calm Market,0.9924089,True,0.9924089,0.007249686,0.0003414522
2025-09-15,0,Calm Market,0,Calm Market,0,Calm Market,0.9924118,True,0.9924118,0.007247585,0.0003405816
2025-09-16,0,Calm Market,0,Calm Market,0,Calm Market,0.9926111,True,0.9926111,0.007062173,0.0003267048
2025-09-17,0,Calm Market,0,Calm Market,0,Calm Market,0.99289316,True,0.99289316,0.0067992588,0.00030751602
2025-09-18,0,Calm Market,0,Calm Market,0,Calm Market,0.9932254,True,0.9932254,0.006488274,0.00028634898
2025-09-19,0,Calm Market,0,Calm Market,0,Calm Market,0.99355423,True,0.99355423,0.006179599,0.0002661913
2025-09-22,0,Calm Market,0,Calm Market,0,Calm Market,0.99385613,True,0.99385613,0.005895286,0.00024851912
2025-09-23,0,Calm Market,0,Calm Market,0,Calm Market,0.99410003,True,0.99410003,0.0056646727,0.00023528314
2025-09-24,0,Calm Market,0,Calm Market,0,Calm Market,0.99426705,True,0.99426705,0.005505866,0.00022706337
2025-09-25,0,Calm Market,0,Calm Market,0,Calm Market,0.99437743,True,0.99437743,0.0054007242,0.00022175469
2025-09-26,0,Calm Market,0,Calm Market,0,Calm Market,0.99444324,True,0.99444324,0.005337757,0.00021891597
2025-09-29,0,Calm Market,0,Calm Market,0,Calm Market,0.9944886,True,0.9944886,0.005294137,0.000217151
2025-09-30,0,Calm Market,0,Calm Market,0,Calm Market,0.99454206,True,0.99454206,0.0052430676,0.00021492044
2025-10-01,0,Calm Market,0,Calm Market,0,Calm Market,0.99461514,True,0.99461514,0.0051734517,0.0002114472
2025-10-02,0,Calm Market,0,Calm Market,0,Calm Market,0.9947019,True,0.9947019,0.0050908145,0.00020723062
2025-10-03,0,Calm Market,0,Calm Market,0,Calm Market,0.99480516,True,0.99480516,0.0049929,0.00020194458
2025-10-06,0,Calm Market,0,Calm Market,0,Calm Market,0.99492645,True,0.99492645,0.0048779836,0.0001955405
2025-10-07,0,Calm Market,0,Calm Market,0,Calm Market,0.9950813,True,0.9950813,0.004731736,0.0001869432
2025-10-08,0,Calm Market,0,Calm Market,0,Calm Market,0.9952355,True,0.9952355,0.0045859637,0.00017850388
2025-10-09,0,Calm Market,0,Calm Market,0,Calm Market,0.9953668,True,0.9953668,0.0044615837,0.00017155508
2025-10-10,0,Calm Market,0,Calm Market,0,Calm Market,0.99546945,True,0.99546945,0.0043643457,0.00016626327
2025-10-13,0,Calm Market,0,Calm Market,0,Calm Market,0.9953381,True,0.9953381,0.004487226,0.00017465993
2025-10-14,0,Calm Market,0,Calm Market,0,Calm Market,0.9949694,True,0.9949694,0.004833133,0.00019750206
2025-10-15,0,Calm Market,0,Calm Market,0,Calm Market,0.994463,True,0.994463,0.0053074784,0.00022956397
2025-10-16,0,Calm Market,0,Calm Market,0,Calm Market,0.9938439,True,0.9938439,0.005885938,0.00027011585
2025-10-17,0,Calm Market,0,Calm Market,0,Calm Market,0.99309266,True,0.99309266,0.0065861666,0.00032120675
2025-10-20,0,Calm Market,0,Calm Market,0,Calm Market,0.9926191,True,0.9926191,0.007030525,0.00035033145
2025-10-21,0,Calm Market,0,Calm Market,0,Calm Market,0.99235725,True,0.99235725,0.0072788894,0.00036382856
2025-10-22,0,Calm Market,0,Calm Market,0,Calm Market,0.99218714,True,0.99218714,0.0074415733,0.0003712558
2025-10-23,0,Calm Market,0,Calm Market,0,Calm Market,0.9919944,True,0.9919944,0.0076249414,0.0003806736
2025-10-24,0,Calm Market,0,Calm Market,0,Calm Market,0.99179476,True,0.99179476,0.007814446,0.00039080036
2025-10-27,0,Calm Market,0,Calm Market,0,Calm Market,0.9915645,True,0.9915645,0.00803204,0.00040344227
2025-10-28,0,Calm Market,0,Calm Market,0,Calm Market,0.99127895,True,0.99127895,0.008301016,0.00041997933
2025-10-29,0,Calm Market,0,Calm Market,0,Calm Market,0.99094,True,0.99094,0.008619873,0.00044011982
2025-10-30,0,Calm Market,0,Calm Market,0,Calm Market,0.9905274,True,0.9905274,0.009007683,0.00046482627
2025-10-31,0,Calm Market,0,Calm Market,0,Calm Market,0.98988694,True,0.98988694,0.00960719,0.000505856
2025-11-03,0,Calm Market,0,Calm Market,0,Calm Market,0.9890543,True,0.9890543,0.010385509,0.00056014233
2025-11-04,0,Calm Market,0,Calm Market,0,Calm Market,0.98804575,True,0.98804575,0.011328475,0.00062580575
2025-11-05,0,Calm Market,0,Calm Market,0,Calm Market,0.9868428,True,0.9868428,0.012450402,0.0007067631
2025-11-06,0,Calm Market,0,Calm Market,0,Calm Market,0.9856286,True,0.9856286,0.013582088,0.0007893917
2025-11-07,0,Calm Market,0,Calm Market,0,Calm Market,0.98443156,True,0.98443156,0.014697308,0.0008710586
2025-11-10,0,Calm Market,0,Calm Market,0,Calm Market,0.9839754,True,0.9839754,0.015121386,0.00090322254
2025-11-11,0,Calm Market,0,Calm Market,0,Calm Market,0.9832888,True,0.9832888,0.015755743,0.00095540896
2025-11-12,0,Calm Market,0,Calm Market,0,Calm Market,0.9823383,True,0.9823383,0.016636595,0.0010251586
2025-11-13,0,Calm Market,0,Calm Market,0,Calm Market,0.9811493,True,0.9811493,0.017738366,0.0011123477
2025-11-14,0,Calm Market,0,Calm Market,0,Calm Market,0.97906864,True,0.97906864,0.019659104,0.0012722905
2025-11-17,0,Calm Market,0,Calm Market,0,Calm Market,0.97544765,True,0.97544765,0.023001648,0.0015507097
2025-11-18,0,Calm Market,0,Calm Market,0,Calm Market,0.97049516,True,0.97049516,0.027566731,0.0019380844
2025-11-19,0,Calm Market,0,Calm Market,0,Calm Market,0.9635323,True,0.9635323,0.03396679,0.0025008898
2025-11-20,0,Calm Market,0,Calm Market,0,Calm Market,0.9541686,True,0.9541686,0.042550903,0.0032804552
2025-11-21,0,Calm Market,0,Calm Market,0,Calm Market,0.93972665,True,0.93972665,0.055773165,0.0045002378
2025-11-24,0,Calm Market,0,Calm Market,0,Calm Market,0.92737204,True,0.92737204,0.067254916,0.0053730146
2025-11-25,0,Calm Market,0,Calm Market,0,Calm Market,0.91988534,True,0.91988534,0.07440736,0.005707336
2025-11-26,0,Calm Market,0,Calm Market,0,Calm Market,0.91753703,True,0.91753703,0.076874875,0.0055880486
2025-11-28,0,Calm Market,0,Calm Market,0,Calm Market,0.9194671,True,0.9194671,0.07535607,0.005176799
2025-12-01,0,Calm Market,0,Calm Market,0,Calm Market,0.9270676,True,0.9270676,0.06850402,0.0044284873
2025-12-02,0,Calm Market,0,Calm Market,0,Calm Market,0.9339243,True,0.9339243,0.06219561,0.003880056
2025-12-03,0,Calm Market,0,Calm Market,0,Calm Market,0.9400277,True,0.9400277,0.056528933,0.0034433857
2025-12-04,0,Calm Market,0,Calm Market,0,Calm Market,0.946157,True,0.946157,0.050799683,0.003043304
2025-12-05,0,Calm Market,0,Calm Market,0,Calm Market,0.95186657,True,0.95186657,0.045456897,0.002676587
2025-12-08,0,Calm Market,0,Calm Market,0,Calm Market,0.9573159,True,0.9573159,0.040336717,0.0023473038
2025-12-09,0,Calm Market,0,Calm Market,0,Calm Market,0.96181047,True,0.96181047,0.036107063,0.0020825579
2025-12-10,0,Calm Market,0,Calm Market,0,Calm Market,0.9654831,True,0.9654831,0.032646783,0.0018701113
2025-12-11,0,Calm Market,0,Calm Market,0,Calm Market,0.9683335,True,0.9683335,0.029959546,0.0017069263
2025-12-12,0,Calm Market,0,Calm Market,0,Calm Market,0.9706923,True,0.9706923,0.027731827,0.0015759316
2025-12-15,0,Calm Market,0,Calm Market,0,Calm Market,0.97293526,True,0.97293526,0.025603201,0.0014614954
2025-12-16,0,Calm Market,0,Calm Market,0,Calm Market,0.9745107,True,0.9745107,0.02410535,0.0013839933
2025-12-17,0,Calm Market,0,Calm Market,0,Calm Market,0.9755511,True,0.9755511,0.023105435,0.0013434779
2025-12-18,0,Calm Market,0,Calm Market,0,Calm Market,0.97622347,True,0.97622347,0.02245519,0.0013212982
2025-12-19,0,Calm Market,0,Calm Market,0,Calm Market,0.9765464,True,0.9765464,0.022136359,0.0013172278
2025-12-22,0,Calm Market,0,Calm Market,0,Calm Market,0.9774179,True,0.9774179,0.021311542,0.00127049
2025-12-23,0,Calm Market,0,Calm Market,0,Calm Market,0.97742474,True,0.97742474,0.02130683,0.0012684329
2025-12-24,0,Calm Market,0,Calm Market,0,Calm Market,0.97796327,True,0.97796327,0.020810585,0.0012260809
2025-12-26,0,Calm Market,0,Calm Market,0,Calm Market,0.9788179,True,0.9788179,0.02001863,0.0011635267
2025-12-29,0,Calm Market,0,Calm Market,0,Calm Market,0.9799073,True,0.9799073,0.019005043,0.0010876285
2025-12-30,0,Calm Market,0,Calm Market,0,Calm Market,0.98152333,True,0.98152333,0.017501274,0.0009754116
2025-12-31,0,Calm Market,0,Calm Market,0,Calm Market,0.9834915,True,0.9834915,0.015661664,0.00084681617
2026-01-02,0,Calm Market,0,Calm Market,0,Calm Market,0.98516536,True,0.98516536,0.014094155,0.00074049283
2026-01-05,0,Calm Market,0,Calm Market,0,Calm Market,0.98672444,True,0.98672444,0.012631969,0.0006436202
2026-01-06,0,Calm Market,0,Calm Market,0,Calm Market,0.9880641,True,0.9880641,0.011372651,0.0005631986
2026-01-07,0,Calm Market,0,Calm Market,0,Calm Market,0.9893946,True,0.9893946,0.010119681,0.00048564601
2026-01-08,0,Calm Market,0,Calm Market,0,Calm Market,0.9905565,True,0.9905565,0.00902355,0.00041993966
2026-01-09,0,Calm Market,0,Calm Market,0,Calm Market,0.99153507,True,0.99153507,0.008099695,0.00036525493
2026-01-12,0,Calm Market,0,Calm Market,0,Calm Market,0.9923259,True,0.9923259,0.007351795,0.00032234372
2026-01-13,0,Calm Market,0,Calm Market,0,Calm Market,0.9929589,True,0.9929589,0.0067525706,0.00028858427
2026-01-14,0,Calm Market,0,Calm Market,0,Calm Market,0.9934228,True,0.9934228,0.0063121016,0.00026509643
2026-01-15,0,Calm Market,0,Calm Market,0,Calm Market,0.99377465,True,0.99377465,0.005977647,0.00024776894
2026-01-16,0,Calm Market,0,Calm Market,0,Calm Market,0.9940258,True,0.9940258,0.005737822,0.00023622849
2026-01-20,0,Calm Market,0,Calm Market,0,Calm Market,0.99420655,True,0.99420655,0.005565108,0.00022828627
2026-01-21,0,Calm Market,0,Calm Market,0,Calm Market,0.9941468,True,0.9941468,0.005618582,0.000234541
2026-01-22,0,Calm Market,0,Calm Market,0,Calm Market,0.99389404,True,0.99389404,0.005853677,0.0002522212
2026-01-23,0,Calm Market,0,Calm Market,0,Calm Market,0.9935638,True,0.9935638,0.006161334,0.00027492756
2026-01-26,0,Calm Market,0,Calm Market,0,Calm Market,0.9931896,True,0.9931896,0.006509748,0.00030070744
2026-01-27,0,Calm Market,0,Calm Market,0,Calm Market,0.99281186,True,0.99281186,0.006861062,0.0003271023
2026-01-28,0,Calm Market,0,Calm Market,0,Calm Market,0.99262625,True,0.99262625,0.007034952,0.0003388046
2026-01-29,0,Calm Market,0,Calm Market,0,Calm Market,0.99264127,True,0.99264127,0.007023093,0.0003356163
2026-01-30,0,Calm Market,0,Calm Market,0,Calm Market,0.9927792,True,0.9927792,0.0068961275,0.00032458943
2026-02-02,0,Calm Market,0,Calm Market,0,Calm Market,0.99293786,True,0.99293786,0.006749263,0.00031285034
2026-02-03,0,Calm Market,0,Calm Market,0,Calm Market,0.99315673,True,0.99315673,0.0065455735,0.00029762764
2026-02-04,0,Calm Market,0,Calm Market,0,Calm Market,0.9933469,True,0.9933469,0.0063683363,0.00028483773
2026-02-05,0,Calm Market,0,Calm Market,0,Calm Market,0.99340785,True,0.99340785,0.006311919,0.00028024428
2026-02-06,0,Calm Market,0,Calm Market,0,Calm Market,0.9933476,True,0.9933476,0.006368893,0.00028344183
2026-02-09,0,Calm Market,0,Calm Market,0,Calm Market,0.9930768,True,0.9930768,0.006622583,0.00030063113
2026-02-10,0,Calm Market,0,Calm Market,0,Calm Market,0.9926335,True,0.9926335,0.0070367414,0.00032961392
2026-02-11,0,Calm Market,0,Calm Market,0,Calm Market,0.9920695,True,0.9920695,0.007563601,0.00036697224
2026-02-12,0,Calm Market,0,Calm Market,0,Calm Market,0.99144286,True,0.99144286,0.008147578,0.00040947497
2026-02-13,0,Calm Market,0,Calm Market,0,Calm Market,0.99056846,True,0.99056846,0.008960893,0.00047065166
2026-02-17,0,Calm Market,0,Calm Market,0,Calm Market,0.98980296,True,0.98980296,0.009674792,0.00052222604
2026-02-18,0,Calm Market,0,Calm Market,0,Calm Market,0.98913187,True,0.98913187,0.010301678,0.00056640187
2026-02-19,0,Calm Market,0,Calm Market,0,Calm Market,0.9887552,True,0.9887552,0.010654336,0.00059048046
2026-02-20,0,Calm Market,0,Calm Market,0,Calm Market,0.9883676,True,0.9883676,0.011017308,0.0006150495
2026-02-23,0,Calm Market,0,Calm Market,0,Calm Market,0.98807764,True,0.98807764,0.011292146,0.0006302386
2026-02-24,0,Calm Market,0,Calm Market,0,Calm Market,0.9876209,True,0.9876209,0.011720796,0.0006583011
2026-02-25,0,Calm Market,0,Calm Market,0,Calm Market,0.98698694,True,0.98698694,0.012313569,0.0006994457
2026-02-26,0,Calm Market,0,Calm Market,0,Calm Market,0.9861081,True,0.9861081,0.013132543,0.00075922743
2026-02-27,0,Calm Market,0,Calm Market,0,Calm Market,0.98483014,True,0.98483014,0.014320655,0.0008491276
2026-03-02,0,Calm Market,0,Calm Market,0,Calm Market,0.98339844,True,0.98339844,0.015650567,0.00095101906
2026-03-03,0,Calm Market,0,Calm Market,0,Calm Market,0.9819635,True,0.9819635,0.016984727,0.0010518024
2026-03-04,0,Calm Market,0,Calm Market,0,Calm Market,0.98001224,True,0.98001224,0.018795751,0.0011919691
2026-03-05,0,Calm Market,0,Calm Market,0,Calm Market,0.9793305,True,0.9793305,0.019447226,0.0012223263
2026-03-06,0,Calm Market,0,Calm Market,0,Calm Market,0.9795449,True,0.9795449,0.019274397,0.0011807055
2026-03-09,0,Calm Market,0,Calm Market,0,Calm Market,0.97999644,True,0.97999644,0.018871112,0.0011323922
2026-03-10,0,Calm Market,0,Calm Market,0,Calm Market,0.98055446,True,0.98055446,0.01836031,0.0010852718
2026-03-11,0,Calm Market,0,Calm Market,0,Calm Market,0.9809669,True,0.9809669,0.017983917,0.0010491934
2026-03-12,0,Calm Market,1,Risk-Off,0,Calm Market,0.98089737,False,0.98089737,0.01804829,0.0010543226
2026-03-13,0,Calm Market,1,Risk-Off,1,Risk-Off,0.979707,False,0.979707,0.019146143,0.0011469047
2026-03-16,0,Calm Market,1,Risk-Off,1,Risk-Off,0.9780107,False,0.9780107,0.020706194,0.0012831303
2026-03-17,0,Calm Market,1,Risk-Off,1,Risk-Off,0.9755279,False,0.9755279,0.02299356,0.0014785567
2026-03-18,0,Calm Market,1,Risk-Off,1,Risk-Off,0.9724578,False,0.9724578,0.025819704,0.0017224384
2026-03-19,0,Calm Market,1,Risk-Off,1,Risk-Off,0.9681798,False,0.9681798,0.02974653,0.0020736416
2026-03-20,0,Calm Market,1,Risk-Off,1,Risk-Off,0.96339184,False,0.96339184,0.034143616,0.0024645934
2026-03-23,0,Calm Market,1,Risk-Off,1,Risk-Off,0.9574384,False,0.9574384,0.03960578,0.0029557613
2026-03-24,0,Calm Market,1,Risk-Off,1,Risk-Off,0.95260876,False,0.95260876,0.04406913,0.003322034
2026-03-25,0,Calm Market,1,Risk-Off,1,Risk-Off,0.9475955,False,0.9475955,0.048729155,0.003675374
2026-03-26,0,Calm Market,1,Risk-Off,1,Risk-Off,0.94298184,False,0.94298184,0.053054467,0.0039636153
2026-03-27,0,Calm Market,1,Risk-Off,1,Risk-Off,0.9355839,False,0.9355839,0.059907835,0.004508308
2026-03-30,0,Calm Market,1,Risk-Off,1,Risk-Off,0.9247723,False,0.9247723,0.06989332,0.0053343824
2026-03-31,0,Calm Market,1,Risk-Off,1,Risk-Off,0.9076698,False,0.9076698,0.08558427,0.0067458656
2026-04-01,0,Calm Market,1,Risk-Off,1,Risk-Off,0.8741943,False,0.8741943,0.11580461,0.010000984
2026-04-02,0,Calm Market,1,Risk-Off,1,Risk-Off,0.8041452,False,0.8041452,0.17883334,0.017021475
2026-04-06,0,Calm Market,1,Risk-Off,1,Risk-Off,0.6986876,False,0.6986876,0.27334604,0.027966298
2026-04-07,0,Calm Market,1,Risk-Off,1,Risk-Off,0.56782633,False,0.56782633,0.39021894,0.041954722
2026-04-08,1,Risk-Off,1,Risk-Off,1,Risk-Off,0.49830228,True,0.44767344,0.49830228,0.05402424
2026-04-09,1,Risk-Off,1,Risk-Off,1,Risk-Off,0.5754064,True,0.3655399,0.5754064,0.05905371
2026-04-10,1,Risk-Off,1,Risk-Off,1,Risk-Off,0.62770814,True,0.31373045,0.62770814,0.05856142
2026-04-13,1,Risk-Off,1,Risk-Off,1,Risk-Off,0.6583677,True,0.28636783,0.6583677,0.055264425
2026-04-14,1,Risk-Off,1,Risk-Off,1,Risk-Off,0.67671216,True,0.2730197,0.67671216,0.05026814
2026-04-15,1,Risk-Off,1,Risk-Off,1,Risk-Off,0.6881431,True,0.26670384,0.6881431,0.04515303
2026-04-16,1,Risk-Off,1,Risk-Off,1,Risk-Off,0.6818696,True,0.27972788,0.6818696,0.03840247
2026-04-17,1,Risk-Off,1,Risk-Off,1,Risk-Off,0.6621319,True,0.3053021,0.6621319,0.032565966
2026-04-20,1,Risk-Off,1,Risk-Off,1,Risk-Off,0.6324153,True,0.33991483,0.6324153,0.027669821
